dataset_id,name,size,num_rows,num_cols
727,2dplanes,448448.0,40768.0,11.0
4135,Amazon_employee_access,327690.0,32769.0,10.0
40981,Australian,10350.0,690.0,15.0
251,BNG(breast-w),393660.0,39366.0,10.0
137,BNG(tic-tac-toe),393660.0,39366.0,10.0
4552,BachChoralHarmony,96305.0,5665.0,17.0
45037,BitcoinHeist_Ransomware,198240.0,24780.0,8.0
41701,CPMP-2015-classification,14229.0,527.0,27.0
41919,CPMP-2015-runtime-classification,12121.0,527.0,23.0
45578,California-Housing-Classification,185760.0,20640.0,9.0
1447,CastMetal1,12426.0,327.0,38.0
42733,Click_prediction_small,479376.0,39948.0,12.0
1446,CostaMadre1,11248.0,296.0,38.0
4154,CreditCardSubset,441440.0,14240.0,31.0
41496,DRSongsLyrics,716.0,358.0,2.0
4340,Engine1,2298.0,383.0,6.0
45554,FICO-HELOC-cleaned,236904.0,9871.0,24.0
40646,GAMETES_Epistasis_2-Way_20atts_0.1H_EDM-1_1,33600.0,1600.0,21.0
40647,GAMETES_Epistasis_2-Way_20atts_0.4H_EDM-1_1,33600.0,1600.0,21.0
40648,GAMETES_Epistasis_3-Way_20atts_0.2H_EDM-1_1,33600.0,1600.0,21.0
40649,GAMETES_Heterogeneity_20atts_1600_Het_0.4_0.2_50_EDM-2_001,33600.0,1600.0,21.0
40650,GAMETES_Heterogeneity_20atts_1600_Het_0.4_0.2_75_EDM-2_001,33600.0,1600.0,21.0
4538,GesturePhaseSegmentationProcessed,325809.0,9873.0,33.0
40916,HappinessRank_2015,1896.0,158.0,12.0
45064,Insurance,259028.0,23548.0,11.0
44344,Iris,750.0,150.0,5.0
976,JapaneseVowels,149415.0,9961.0,15.0
42186,JuanFeldmanIris,750.0,150.0,5.0
45075,KDD,231472.0,5032.0,46.0
44186,KDDCup09_upselling,256400.0,5128.0,50.0
1448,KnuggetChase3,7760.0,194.0,40.0
1441,KungChi3,4920.0,123.0,40.0
40496,LED-display-domain-7digit,4000.0,500.0,8.0
44125,MagicTelescope,147136.0,13376.0,11.0
45557,Mammographic-Mass-Data-Set,4805.0,961.0,5.0
1442,MegaWatt1,9614.0,253.0,38.0
40966,MiceProtein,88560.0,1080.0,82.0
1413,MyIris,750.0,150.0,5.0
45104,PLK_Mini_Copy,10320.0,3440.0,3.0
4534,PhishingWebsites,342705.0,11055.0,31.0
1451,PieChart1,26790.0,705.0,38.0
1452,PieChart2,27565.0,745.0,37.0
1453,PieChart3,40926.0,1077.0,38.0
1443,PizzaCutter1,25118.0,661.0,38.0
1444,PizzaCutter3,39634.0,1043.0,38.0
1100,PopularKids,5258.0,478.0,11.0
45558,Pulsar-Dataset-HTRU2,161082.0,17898.0,9.0
336,SPECT,6141.0,267.0,23.0
1600,SPECTF,12015.0,267.0,45.0
40900,Satellite,188700.0,5100.0,37.0
45074,Shipping,109990.0,10999.0,10.0
41946,Sick_numeric,113160.0,3772.0,30.0
4153,Smartphone-Based_Recognition_of_Human_Activities,12240.0,180.0,68.0
43160,StackOverflow-polarity,8846.0,4423.0,2.0
43148,StackOverflow-polarity-test,2652.0,1326.0,2.0
43147,StackOverflow-polarity-train,6194.0,3097.0,2.0
380,SyskillWebert-Bands,183.0,61.0,3.0
374,SyskillWebert-BioMedical,393.0,131.0,3.0
379,SyskillWebert-Goats,210.0,70.0,3.0
376,SyskillWebert-Sheep,195.0,65.0,3.0
40704,Titanic,8804.0,2201.0,4.0
42544,Touch2,2915.0,265.0,11.0
45545,Tour-and-Travels-Customer-Churn-Prediction,6678.0,954.0,7.0
41978,TuningSVMs,12636.0,156.0,81.0
373,UNIX_user_data,27300.0,9100.0,3.0
45625,Weather,70.0,14.0,5.0
45611,Weather-Test,70.0,14.0,5.0
1557,abalone,37593.0,4177.0,9.0
1556,acute-inflammations,840.0,120.0,7.0
41156,ada,203203.0,4147.0,49.0
1037,ada_prior,68430.0,4562.0,15.0
346,aids,250.0,50.0,5.0
40707,allbp,113160.0,3772.0,30.0
40708,allrep,113160.0,3772.0,30.0
767,analcatdata_apnea1,1900.0,475.0,4.0
765,analcatdata_apnea2,1900.0,475.0,4.0
764,analcatdata_apnea3,1800.0,450.0,4.0
459,analcatdata_asbestos,332.0,83.0,4.0
970,analcatdata_authorship,59711.0,841.0,71.0
476,analcatdata_bankruptcy,300.0,50.0,6.0
968,analcatdata_birthday,1460.0,365.0,4.0
998,analcatdata_bondrate,627.0,57.0,11.0
448,analcatdata_boxing1,480.0,120.0,4.0
444,analcatdata_boxing2,528.0,132.0,4.0
992,analcatdata_broadway,855.0,95.0,9.0
961,analcatdata_broadwaymult,2280.0,285.0,8.0
1013,analcatdata_challenger,414.0,138.0,3.0
875,analcatdata_chlamydia,400.0,100.0,4.0
461,analcatdata_creditscore,700.0,100.0,7.0
465,analcatdata_cyyoung8092,1067.0,97.0,11.0
479,analcatdata_cyyoung9302,920.0,92.0,10.0
1014,analcatdata_dmft,3985.0,797.0,5.0
984,analcatdata_draft,1830.0,366.0,5.0
758,analcatdata_election2000,1005.0,67.0,15.0
40660,analcatdata_fraud,504.0,42.0,12.0
1025,analcatdata_germangss,2400.0,400.0,6.0
852,analcatdata_gsssexsurvey,1590.0,159.0,10.0
859,analcatdata_gviolence,666.0,74.0,9.0
966,analcatdata_halloffame,22780.0,1340.0,17.0
40709,analcatdata_happiness,240.0,60.0,4.0
467,analcatdata_japansolvent,468.0,52.0,9.0
450,analcatdata_lawsuit,1320.0,264.0,5.0
986,analcatdata_marketing,12012.0,364.0,33.0
771,analcatdata_michiganacc,432.0,108.0,4.0
865,analcatdata_neavote,300.0,100.0,3.0
899,analcatdata_negotiation,552.0,92.0,6.0
759,analcatdata_olympic2000,792.0,66.0,12.0
1008,analcatdata_reviewer,3032.0,379.0,8.0
842,analcatdata_runshoes,660.0,60.0,11.0
921,analcatdata_seropositive,528.0,132.0,4.0
728,analcatdata_supreme,32416.0,4052.0,8.0
760,analcatdata_uktrainacc,496.0,31.0,16.0
835,analcatdata_vehicle,240.0,48.0,5.0
724,analcatdata_vineyard,1872.0,468.0,4.0
748,analcatdata_wildcat,978.0,163.0,6.0
989,anneal,35022.0,898.0,39.0
45588,appendicitis_test,848.0,106.0,8.0
45615,appendicitis_test_edsa,848.0,106.0,8.0
1059,ar1,3630.0,121.0,30.0
1060,ar3,1890.0,63.0,30.0
1061,ar4,3210.0,107.0,30.0
1062,ar5,1080.0,36.0,30.0
1064,ar6,3030.0,101.0,30.0
949,arsenic-female-bladder,2795.0,559.0,5.0
950,arsenic-female-lung,2795.0,559.0,5.0
947,arsenic-male-bladder,2795.0,559.0,5.0
951,arsenic-male-lung,2795.0,559.0,5.0
43051,art_daily_nojump4,12096.0,4032.0,3.0
1459,artificial-characters,81744.0,10218.0,8.0
999,audiology,15820.0,226.0,70.0
861,auto93,2139.0,93.0,23.0
840,autoHorse,5330.0,205.0,26.0
831,autoMpg,3184.0,398.0,8.0
756,autoPrice,2544.0,159.0,16.0
745,auto_price,2544.0,159.0,16.0
975,autos,5330.0,205.0,26.0
463,backache,5760.0,180.0,32.0
1121,badges2,3234.0,294.0,11.0
997,balance-scale,3125.0,625.0,5.0
914,balloon,4002.0,2001.0,2.0
1460,banana,15900.0,5300.0,3.0
44126,bank-marketing,84624.0,10578.0,8.0
833,bank32nh,270336.0,8192.0,33.0
725,bank8FM,73728.0,8192.0,9.0
1462,banknote-authentication,6860.0,1372.0,5.0
185,baseball,22780.0,1340.0,17.0
731,baskball,480.0,96.0,5.0
481,biomed,1881.0,209.0,9.0
1463,blogger,600.0,100.0,6.0
1464,blood-transfusion-service-center,3740.0,748.0,5.0
778,bodyfat,3780.0,252.0,15.0
857,bolts,320.0,40.0,8.0
853,boston,7084.0,506.0,14.0
825,boston_corrected,10626.0,506.0,21.0
957,braziltourism,3708.0,412.0,9.0
13,breast-cancer,2860.0,286.0,10.0
23499,breast-cancer-dropped-missing-attributes-values,2770.0,277.0,10.0
1559,breast-tissue,1060.0,106.0,10.0
15,breast-w,6990.0,699.0,10.0
844,breastTumor,2860.0,286.0,10.0
1007,bridges,1284.0,107.0,12.0
40663,calendarDOW,13167.0,399.0,33.0
45028,california,185706.0,20634.0,9.0
40975,car,12096.0,1728.0,7.0
40664,car-evaluation,38016.0,1728.0,22.0
1560,cardiotocography,76536.0,2126.0,36.0
967,cars,3654.0,406.0,9.0
40700,cars1,3136.0,392.0,8.0
820,chatfield_4,3055.0,235.0,13.0
798,cholesterol,4242.0,303.0,14.0
45076,churn,105000.0,5000.0,21.0
23380,cjs,97860.0,2796.0,35.0
40710,cleve,4242.0,303.0,14.0
786,cleveland,4242.0,303.0,14.0
40711,cleveland-nominal,2424.0,303.0,8.0
40994,climate-model-simulation-crashes,11340.0,540.0,21.0
890,cloud,864.0,108.0,8.0
1055,cm1_req,801.0,89.0,9.0
45056,cmc,14730.0,1473.0,10.0
27,colic,8464.0,368.0,23.0
897,colleges_aaup,18576.0,1161.0,16.0
930,colleges_usnews,44268.0,1302.0,34.0
40971,collins,24000.0,1000.0,24.0
45039,compas-two-years,59592.0,4966.0,12.0
44162,compass,299592.0,16644.0,18.0
1015,confidence,288.0,72.0,4.0
40669,corral,1120.0,160.0,7.0
796,cpu,1672.0,209.0,8.0
761,cpu_act,180224.0,8192.0,22.0
735,cpu_small,106496.0,8192.0,13.0
44089,credit,183854.0,16714.0,11.0
45063,credit-approval,10448.0,653.0,16.0
44155,credit-approval_reproduced,11040.0,690.0,16.0
45058,credit-g,21000.0,1000.0,21.0
6332,cylinder-bands,21600.0,540.0,40.0
1075,datatrieve,1170.0,130.0,9.0
45036,default-of-credit-card-clients,291984.0,13272.0,22.0
803,delta_ailerons,42774.0,7129.0,6.0
819,delta_elevators,66619.0,9517.0,7.0
1010,dermatology,12810.0,366.0,35.0
1117,desharnais,972.0,81.0,12.0
37,diabetes,6912.0,768.0,9.0
791,diabetes_numeric,129.0,43.0,3.0
817,diggle_table_a1,240.0,48.0,5.0
818,diggle_table_a2,2790.0,310.0,9.0
40713,dis,113160.0,3772.0,30.0
774,disclosure_x_bias,2648.0,662.0,4.0
827,disclosure_x_noise,2648.0,662.0,4.0
795,disclosure_x_tampered,2648.0,662.0,4.0
931,disclosure_z,2648.0,662.0,4.0
45061,dresses-sales,6500.0,500.0,13.0
944,echoMonths,1300.0,130.0,10.0
40671,ecoli,2616.0,327.0,8.0
1471,eeg-eye-state,224700.0,14980.0,15.0
44156,electricity,346266.0,38474.0,9.0
846,elevators,315381.0,16599.0,19.0
790,elusage,165.0,55.0,3.0
1472,energy-efficiency,7680.0,768.0,10.0
42169,epiparo_extract,4480.0,224.0,20.0
990,eucalyptus,14720.0,736.0,20.0
45073,eye_movements,182592.0,7608.0,24.0
1473,fertility,1000.0,100.0,10.0
1475,first-order-theorem-proving,318136.0,6118.0,52.0
854,fishcatch,1264.0,158.0,8.0
988,fl2000,1072.0,67.0,16.0
1012,flags,5626.0,194.0,29.0
901,fried,448448.0,40768.0,11.0
714,fruitfly,625.0,125.0,5.0
1005,glass,2140.0,214.0,10.0
1026,grub-damage,1395.0,155.0,9.0
43,haberman,1224.0,306.0,4.0
974,hayes-roth,660.0,132.0,5.0
982,heart-c,4242.0,303.0,14.0
1565,heart-h,4116.0,294.0,14.0
1512,heart-long-beach,2800.0,200.0,14.0
53,heart-statlog,3780.0,270.0,14.0
1513,heart-switzerland,1599.0,123.0,13.0
45026,heloc,230000.0,10000.0,23.0
55,hepatitis,3100.0,155.0,20.0
898,hip,432.0,54.0,8.0
44123,house_16H,229296.0,13488.0,17.0
843,house_8L,205056.0,22784.0,9.0
823,houses,185760.0,20640.0,9.0
924,humandevel,260.0,130.0,2.0
858,hungarian,4116.0,294.0,14.0
927,hutsof99_child_witness,672.0,42.0,16.0
804,hutsof99_logis,560.0,70.0,8.0
1000,hypothyroid,113160.0,3772.0,30.0
43896,ibm-employee-attrition,51450.0,1470.0,35.0
43905,ibm-employee-performance,48510.0,1470.0,33.0
1480,ilpd,6413.0,583.0,11.0
41945,ilpd-numeric,6413.0,583.0,11.0
59,ionosphere,12285.0,351.0,35.0
382,ipums_la_97-small,428159.0,7019.0,61.0
1002,ipums_la_98-small,419160.0,7485.0,56.0
969,iris,750.0,150.0,5.0
44154,iris_reproduced,750.0,150.0,5.0
451,irish,3000.0,500.0,6.0
1073,jEdit_4.0_4.2,2466.0,274.0,9.0
1048,jEdit_4.2_4.3,3321.0,369.0,9.0
1053,jm1,239470.0,10885.0,22.0
1067,kc1,46398.0,2109.0,22.0
1066,kc1-binary,13775.0,145.0,95.0
1045,kc1-top5,13775.0,145.0,95.0
1063,kc2,11484.0,522.0,22.0
1065,kc3,18320.0,458.0,40.0
839,kdd_el_nino-small,7038.0,782.0,9.0
44124,kdd_ipums_la_97-small,108948.0,5188.0,21.0
945,kidney,532.0,76.0,7.0
807,kin8nm,73728.0,8192.0,9.0
1481,kr-vs-k,196392.0,28056.0,7.0
3,kr-vs-kp,118252.0,3196.0,37.0
184,kropt,196392.0,28056.0,7.0
4,labor,969.0,57.0,17.0
43904,law-school-admission-bianry,228800.0,20800.0,11.0
1482,leaf,5440.0,340.0,16.0
40677,led24,80000.0,3200.0,25.0
40678,led7,25600.0,3200.0,8.0
977,letter,340000.0,20000.0,17.0
1222,letter-challenge-unlabeled.arff,340000.0,20000.0,17.0
8,liver-disorders,2070.0,345.0,6.0
941,lowbwt,1890.0,189.0,10.0
163,lung-cancer,1824.0,32.0,57.0
1412,lungcancer_GSE31210,5424.0,226.0,24.0
472,lupus,348.0,87.0,4.0
1006,lymph,2812.0,148.0,19.0
733,machine_cpu,1463.0,209.0,7.0
310,mammography,78281.0,11183.0,7.0
887,mbagrade,183.0,61.0,3.0
1056,mc1,369174.0,9466.0,39.0
1054,mc2,6440.0,161.0,40.0
757,meta,11616.0,528.0,22.0
275,meta_all.arff,4473.0,71.0,63.0
276,meta_batchincremental.arff,4662.0,74.0,63.0
277,meta_ensembles.arff,4662.0,74.0,63.0
278,meta_instanceincremental.arff,4662.0,74.0,63.0
41671,microaggregation2,420000.0,20000.0,21.0
40680,mofn-3-7-10,14564.0,1324.0,11.0
956,molecular-biology_promoters,6148.0,106.0,58.0
333,monks-problems-1,3892.0,556.0,7.0
334,monks-problems-2,4207.0,601.0,7.0
335,monks-problems-3,3878.0,554.0,7.0
1046,mozilla4,93270.0,15545.0,6.0
880,mu284,3124.0,284.0,11.0
24,mushroom,186852.0,8124.0,23.0
40681,mux6,896.0,128.0,7.0
881,mv,448448.0,40768.0,11.0
1071,mw1,15314.0,403.0,38.0
43892,national-longitudinal-survey-binary,83436.0,4908.0,17.0
784,newton_hema,560.0,140.0,4.0
886,no2,4000.0,500.0,8.0
1568,nursery,116622.0,12958.0,9.0
311,oil_spill,46850.0,937.0,50.0
45067,okcupid_stem,373478.0,26677.0,14.0
45560,online-shoppers-intention,221940.0,12330.0,18.0
45060,online_shoppers,221940.0,12330.0,18.0
980,optdigits,365300.0,5620.0,65.0
1487,ozone-level-8hr,184982.0,2534.0,73.0
1021,page-blocks,60203.0,5473.0,11.0
40714,parity5,192.0,32.0,6.0
40706,parity5_plus_5,12364.0,1124.0,11.0
1488,parkinsons,4485.0,195.0,23.0
964,pasture,828.0,36.0,23.0
810,pbc,7942.0,418.0,19.0
802,pbcseq,36955.0,1945.0,19.0
1068,pc1,24398.0,1109.0,22.0
1167,pc1_req,2880.0,320.0,9.0
1069,pc2,206793.0,5589.0,37.0
1050,pc3,59394.0,1563.0,38.0
1049,pc4,55404.0,1458.0,38.0
1019,pendigits,186864.0,10992.0,17.0
42585,penguins,2408.0,344.0,7.0
738,pharynx,2145.0,195.0,11.0
44127,phoneme,19032.0,3172.0,6.0
1490,planning-relax,2366.0,182.0,13.0
915,plasma_retinol,4410.0,315.0,14.0
750,pm10,4000.0,500.0,8.0
44122,pol,272214.0,10082.0,27.0
871,pollen,23088.0,3848.0,6.0
882,pollution,960.0,60.0,16.0
40683,postoperative-patient-data,792.0,88.0,9.0
1003,primary-tumor,6102.0,339.0,18.0
446,prnn_crabs,1600.0,200.0,8.0
457,prnn_cushings,81.0,27.0,3.0
996,prnn_fglass,2140.0,214.0,10.0
464,prnn_synth,750.0,250.0,3.0
480,prnn_viruses,1159.0,61.0,19.0
470,profb,6720.0,672.0,10.0
752,puma32H,270336.0,8192.0,33.0
816,puma8NH,73728.0,8192.0,9.0
721,pwLinear,2200.0,200.0,11.0
800,pyrim,2072.0,74.0,28.0
45077,qsar,43255.0,1055.0,41.0
1494,qsar-biodeg,44310.0,1055.0,42.0
772,quake,8712.0,2178.0,4.0
1495,qualitative-bankruptcy,1750.0,250.0,7.0
874,rabe_131,300.0,50.0,6.0
894,rabe_148,396.0,66.0,6.0
919,rabe_166,80.0,40.0,2.0
929,rabe_176,280.0,70.0,4.0
780,rabe_265,357.0,51.0,7.0
782,rabe_266,360.0,120.0,3.0
928,rabe_97,184.0,46.0,4.0
42172,regime_alimentaire,4040.0,202.0,20.0
1496,ringnorm,155400.0,7400.0,21.0
44160,rl,64610.0,4970.0,13.0
811,rmftsa_ctoarrivals,792.0,264.0,3.0
717,rmftsa_ladata,5588.0,508.0,11.0
741,rmftsa_sleepdata,3072.0,1024.0,3.0
1516,robot-failures-lp1,8008.0,88.0,91.0
1517,robot-failures-lp2,4277.0,47.0,91.0
1518,robot-failures-lp3,4277.0,47.0,91.0
1519,robot-failures-lp4,10647.0,117.0,91.0
1520,robot-failures-lp5,14924.0,164.0,91.0
1498,sa-heart,4620.0,462.0,10.0
182,satimage,237910.0,6430.0,37.0
466,schizo,5100.0,340.0,15.0
848,schlvote,228.0,38.0,6.0
1499,seeds,1680.0,210.0,8.0
40984,segment,46200.0,2310.0,20.0
45562,seismic-bumps,49096.0,2584.0,19.0
826,sensory,6912.0,576.0,12.0
747,servo,835.0,167.0,5.0
45062,shrutime,110000.0,10000.0,11.0
172,shuttle-landing-control,105.0,15.0,7.0
45059,sick,71369.0,3103.0,23.0
739,sleep,496.0,62.0,8.0
836,sleuth_case1102,306.0,34.0,9.0
892,sleuth_case1201,350.0,50.0,7.0
891,sleuth_case1202,651.0,93.0,7.0
902,sleuth_case2002,1029.0,147.0,7.0
938,sleuth_ex1221,420.0,42.0,10.0
755,sleuth_ex1605,372.0,62.0,6.0
777,sleuth_ex1714,376.0,47.0,8.0
864,sleuth_ex2015,480.0,60.0,8.0
862,sleuth_ex2016,957.0,87.0,11.0
934,socmob,6936.0,1156.0,6.0
40702,solar-flare,11726.0,1066.0,11.0
40,sonar,12688.0,208.0,61.0
1023,soybean,24588.0,683.0,36.0
737,space_ga,21749.0,3107.0,7.0
44,spambase,266858.0,4601.0,58.0
44095,spambase_reproduced,266858.0,4601.0,58.0
953,splice,194590.0,3190.0,61.0
1001,sponge,3420.0,76.0,45.0
972,squash-stored,1300.0,52.0,25.0
985,squash-unstored,1248.0,52.0,24.0
40982,steel-plates-fault,54348.0,1941.0,28.0
841,stock,9500.0,950.0,10.0
42167,stress,2626.0,202.0,13.0
770,strikes,4375.0,625.0,7.0
41146,sylvine,107604.0,5124.0,21.0
1004,synthetic_control,36600.0,600.0,61.0
955,tae,906.0,151.0,6.0
40985,tamilnadu-electricity,183124.0,45781.0,4.0
1115,teachingAssistant,1057.0,151.0,7.0
45568,telco-customer-churn,140860.0,7043.0,20.0
45650,test,180.0,30.0,6.0
42554,test_hate_vects,200.0,4.0,50.0
40499,texture,225500.0,5500.0,41.0
1506,thoracic-surgery,7990.0,470.0,17.0
4329,thoracic_surgery,7990.0,470.0,17.0
40690,threeOf9,5120.0,512.0,10.0
40474,thyroid-allbp,75600.0,2800.0,27.0
40475,thyroid-allhyper,75600.0,2800.0,27.0
40476,thyroid-allhypo,75600.0,2800.0,27.0
40477,thyroid-allrep,75600.0,2800.0,27.0
40497,thyroid-ann,82984.0,3772.0,22.0
40478,thyroid-dis,75600.0,2800.0,27.0
40682,thyroid-new,1290.0,215.0,6.0
50,tic-tac-toe,9580.0,958.0,10.0
40705,tokyo1,43155.0,959.0,45.0
52,trains,330.0,10.0,33.0
885,transplant,524.0,131.0,4.0
788,triazines,11346.0,186.0,61.0
1507,twonorm,155400.0,7400.0,21.0
1508,user-knowledge,2418.0,403.0,6.0
1047,usp05,3451.0,203.0,17.0
1057,usp05-ft,1140.0,76.0,15.0
994,vehicle,16074.0,846.0,19.0
1524,vertebra-column,2170.0,310.0,7.0
719,veteran,1096.0,137.0,8.0
713,vineyard,156.0,52.0,3.0
860,vinnie,1140.0,380.0,3.0
736,visualizing_environmental,444.0,111.0,4.0
946,visualizing_ethanol,264.0,88.0,3.0
925,visualizing_galaxy,1615.0,323.0,5.0
893,visualizing_hamster,438.0,73.0,6.0
867,visualizing_livestock,390.0,130.0,3.0
729,visualizing_slope,176.0,44.0,4.0
923,visualizing_soil,43205.0,8641.0,5.0
56,vote,7395.0,435.0,17.0
1016,vowel,13860.0,990.0,14.0
1526,wall-robot-navigation,27280.0,5456.0,5.0
940,water-treatment,19499.0,527.0,37.0
979,waveform-5000,205000.0,5000.0,41.0
1510,wdbc,17639.0,569.0,31.0
1009,white-clover,2016.0,63.0,32.0
1511,wholesale-customers,3960.0,440.0,9.0
40983,wilt,29034.0,4839.0,6.0
847,wind,98610.0,6574.0,15.0
785,wind_correlations,2115.0,45.0,47.0
44091,wine,30648.0,2554.0,12.0
40691,wine-quality-red,19188.0,1599.0,12.0
40498,wine-quality-white,58776.0,4898.0,12.0
753,wisconsin,6402.0,194.0,33.0
787,witmer_census_1980,250.0,50.0,5.0
40693,xd6,9730.0,973.0,10.0
181,yeast,13356.0,1484.0,9.0
965,zoo,1717.0,101.0,17.0
